"","Model","Sample","Term","Estimate","Est.Error","l-95% CI","u-95% CI","Rhat","Bulk_ESS","Tail_ESS"
"1",1,"2179 pairs of adults with known kinship","kinship (scaled)",0.0374134327670553,0.00497005040136086,0.0277581432275924,0.0470820030669216,1.00037438272996,12111.2701445324,11708.9853572
"2",2,"2179 pairs of adults with known kinship","affiliation log rate (scaled)",0.0249274537498261,0.00600120396599161,0.0132398914682078,0.0366727135023604,1.00144740676901,6269.86783895661,9051.17112122307
"3",2,"2179 pairs of adults with known kinship","kinship (scaled)",0.00347832025816658,0.00493617159134981,-0.00600590642212435,0.0132294651963268,1.00034162281148,7685.7717752861,9742.08123511391
"4",2,"2179 pairs of adults with known kinship","caged together (T/F)",0.147744225753099,0.0125977654225151,0.12294038439822,0.172608739768554,1.00080313318591,6030.55190305143,8581.13005246441
"5",3,"1159 pairs of unrelated female adults caught from different sites","caged together (T/F)",0.207684051097095,0.0154166026428138,0.177697043613115,0.238390114991185,1.00056755043125,7717.00399541004,9579.49794493049
"6",4,"272 pairs of unrelated female adults caged together","affiliation log rate (scaled)",-0.00224904560537348,0.0195238260327846,-0.0404226235352182,0.0360399287168511,1.00029054269645,8089.50360908432,10801.8069140754
"7",5,"139 pairs of unrelated female adults caged together","food sharing log rate (scaled)",0.0684371992207098,0.0259100928956163,0.0174824387994755,0.119418970665552,1.00043189711693,10274.279387814,11915.9336306002
